Series Name,Series Code,Country Name,Country Code,1970 [YR1970],1971 [YR1971],1972 [YR1972],1973 [YR1973],1974 [YR1974],1975 [YR1975],1976 [YR1976],1977 [YR1977],1978 [YR1978],1979 [YR1979],1980 [YR1980],1981 [YR1981],1982 [YR1982],1983 [YR1983],1984 [YR1984],1985 [YR1985],1986 [YR1986],1987 [YR1987],1988 [YR1988],1989 [YR1989],1990 [YR1990],1991 [YR1991],1992 [YR1992],1993 [YR1993],1994 [YR1994],1995 [YR1995],1996 [YR1996],1997 [YR1997],1998 [YR1998],1999 [YR1999],2000 [YR2000],2001 [YR2001],2002 [YR2002],2003 [YR2003],2004 [YR2004],2005 [YR2005],2006 [YR2006],2007 [YR2007],2008 [YR2008],2009 [YR2009],2010 [YR2010],2011 [YR2011],2012 [YR2012],2013 [YR2013],2014 [YR2014],2015 [YR2015],2016 [YR2016],2017 [YR2017],2018 [YR2018],2019 [YR2019]
High-technology exports (current US$),TX.VAL.TECH.CD,Afghanistan,AFG,..,..,..,..,..,..,..,..,..,..,..,..,..,..,..,..,..,..,..,..,..,..,..,..,..,..,..,..,..,..,..,..,..,..,..,..,..,..,..,..,..,..,..,..,..,..,..,..,..,..
High-technology exports (current US$),TX.VAL.TECH.CD,Albania,ALB,..,..,..,..,..,..,..,..,..,..,..,..,..,..,..,..,..,..,..,..,..,..,..,..,..,..,..,..,..,..,..,..,..,..,..,..,..,..,..,10128935,14074208,11890517,10059840,10843586,1960836,16607486,10199913,1119016,591717,..
High-technology exports (current US$),TX.VAL.TECH.CD,Algeria,DZA,..,..,..,..,..,..,..,..,..,..,..,..,..,..,..,..,..,..,..,..,..,..,..,..,..,..,..,..,..,..,..,..,..,..,..,..,..,6815093,8596814,4616076,5381398,3565016,2215525,3256008,4033112,2549728,4844795,9027398,..,..
High-technology exports (current US$),TX.VAL.TECH.CD,American Samoa,ASM,..,..,..,..,..,..,..,..,..,..,..,..,..,..,..,..,..,..,..,..,..,..,..,..,..,..,..,..,..,..,..,..,..,..,..,..,..,..,..,..,..,..,..,..,..,..,..,..,..,..
High-technology exports (current US$),TX.VAL.TECH.CD,Andorra,AND,..,..,..,..,..,..,..,..,..,..,..,..,..,..,..,..,..,..,..,..,..,..,..,..,..,..,..,..,..,..,..,..,..,..,..,..,..,33424896,17935435,10402350,19545650,18990187,19714197,21595662,18015814,17999514,21706225,24235417,33913480,..
High-technology exports (current US$),TX.VAL.TECH.CD,Angola,AGO,..,..,..,..,..,..,..,..,..,..,..,..,..,..,..,..,..,..,..,..,..,..,..,..,..,..,..,..,..,..,..,..,..,..,..,..,..,..,..,..,..,..,..,..,..,..,..,..,..,..
High-technology exports (current US$),TX.VAL.TECH.CD,Antigua and Barbuda,ATG,..,..,..,..,..,..,..,..,..,..,..,..,..,..,..,..,..,..,..,..,..,..,..,..,..,..,..,..,..,..,..,..,..,..,..,..,..,..,..,..,..,..,..,..,..,..,162,3183,3911,..
High-technology exports (current US$),TX.VAL.TECH.CD,Argentina,ARG,..,..,..,..,..,..,..,..,..,..,..,..,..,..,..,..,..,..,..,..,..,..,..,..,..,..,..,..,..,..,..,..,..,..,..,..,..,1215431790,2026087341,1615045571,1700363226,1936261822,1664145543,1797685979,1515780203,1484221227,1339371534,1494147748,647172436,..
High-technology exports (current US$),TX.VAL.TECH.CD,Armenia,ARM,..,..,..,..,..,..,..,..,..,..,..,..,..,..,..,..,..,..,..,..,..,..,..,..,..,..,..,..,..,..,..,..,..,..,..,..,..,5195605,7247588,5130103,4727601,7448895,7581095,9332592,9307631,11860132,21845876,28310791,36253125,..
High-technology exports (current US$),TX.VAL.TECH.CD,Aruba,ABW,..,..,..,..,..,..,..,..,..,..,..,..,..,..,..,..,..,..,..,..,..,..,..,..,..,..,..,..,..,..,..,..,..,..,..,..,..,..,..,1082577,703388,1269221,3656986,1702027,2236381,1265878,1255860,2011640,2562959,..
High-technology exports (current US$),TX.VAL.TECH.CD,Australia,AUS,..,..,..,..,..,..,..,..,..,..,..,..,..,..,..,..,..,..,..,..,..,..,..,..,..,..,..,..,..,..,..,..,..,..,..,..,..,3880514289,4487704547,3866842538,4589861226,5651820508,5488081110,5367019937,5487641576,5123915237,5406743775,4942222857,5274079796,..
High-technology exports (current US$),TX.VAL.TECH.CD,Austria,AUT,..,..,..,..,..,..,..,..,..,..,..,..,..,..,..,..,..,..,..,..,..,..,..,..,..,..,..,..,..,..,..,..,..,..,..,..,..,16729869892,17679273513,14167226735,15804923820,17850022700,18477385978,20794516765,21648681499,18086949416,17339815988,17027611644,16687499480,..
High-technology exports (current US$),TX.VAL.TECH.CD,Azerbaijan,AZE,..,..,..,..,..,..,..,..,..,..,..,..,..,..,..,..,..,..,..,..,..,..,..,..,..,..,..,..,..,..,..,..,..,..,..,..,..,16910321,7425965,4537422,7200494,10676252,45374670,73400927,37909594,15948624,11900634,14069403,21285860,..
High-technology exports (current US$),TX.VAL.TECH.CD,"Bahamas, The",BHS,..,..,..,..,..,..,..,..,..,..,..,..,..,..,..,..,..,..,..,..,..,..,..,..,..,..,..,..,..,..,..,..,..,..,..,..,..,..,..,76,3454,..,..,..,..,..,..,..,..,..
High-technology exports (current US$),TX.VAL.TECH.CD,Bahrain,BHR,..,..,..,..,..,..,..,..,..,..,..,..,..,..,..,..,..,..,..,..,..,..,..,..,..,..,..,..,..,..,..,..,..,..,..,..,..,..,..,310482,964226,1619723,7237732,18922398,47086504,23599245,21453933,..,..,..
High-technology exports (current US$),TX.VAL.TECH.CD,Bangladesh,BGD,..,..,..,..,..,..,..,..,..,..,..,..,..,..,..,..,..,..,..,..,..,..,..,..,..,..,..,..,..,..,..,..,..,..,..,..,..,..,62132642,44116907,37563901,43978821,105405034,68647409,..,93608711,..,..,..,..
High-technology exports (current US$),TX.VAL.TECH.CD,Barbados,BRB,..,..,..,..,..,..,..,..,..,..,..,..,..,..,..,..,..,..,..,..,..,..,..,..,..,..,..,..,..,..,..,..,..,..,..,..,..,..,..,..,..,..,..,..,..,..,..,..,..,..
High-technology exports (current US$),TX.VAL.TECH.CD,Belarus,BLR,..,..,..,..,..,..,..,..,..,..,..,..,..,..,..,..,..,..,..,..,..,..,..,..,..,..,..,..,..,..,..,..,..,..,..,..,..,..,417556600,323176600,407456800,514192800,635603100,795290700,693015900,577142200,625774800,687613900,716991900,..
High-technology exports (current US$),TX.VAL.TECH.CD,Belgium,BEL,..,..,..,..,..,..,..,..,..,..,..,..,..,..,..,..,..,..,..,..,..,..,..,..,..,..,..,..,..,..,..,..,..,..,..,..,..,28396289840,31722414899,32200637217,34052781524,36555602114,38133698993,43628994009,45574603464,40736618905,39902361729,34558295871,36667986219,..
High-technology exports (current US$),TX.VAL.TECH.CD,Belize,BLZ,..,..,..,..,..,..,..,..,..,..,..,..,..,..,..,..,..,..,..,..,..,..,..,..,..,..,..,..,..,..,..,..,..,..,..,..,..,..,..,..,..,265036,..,..,..,..,..,10,6270,..
High-technology exports (current US$),TX.VAL.TECH.CD,Benin,BEN,..,..,..,..,..,..,..,..,..,..,..,..,..,..,..,..,..,..,..,..,..,..,..,..,..,..,..,..,..,..,..,..,..,..,..,..,..,..,..,..,..,..,..,569796,3987990,1561772,1317651,4003045,..,..
High-technology exports (current US$),TX.VAL.TECH.CD,Bermuda,BMU,..,..,..,..,..,..,..,..,..,..,..,..,..,..,..,..,..,..,..,..,..,..,..,..,..,..,..,..,..,..,..,..,..,..,..,..,..,..,..,..,..,..,830077,2667623,2564052,1028795,1280911,1136949,2939781,..
High-technology exports (current US$),TX.VAL.TECH.CD,Bhutan,BTN,..,..,..,..,..,..,..,..,..,..,..,..,..,..,..,..,..,..,..,..,..,..,..,..,..,..,..,..,..,..,..,..,..,..,..,..,..,1941520,9525,439945,394616,272,58575,..,..,..,..,..,..,..
High-technology exports (current US$),TX.VAL.TECH.CD,Bolivia,BOL,..,..,..,..,..,..,..,..,..,..,..,..,..,..,..,..,..,..,..,..,..,..,..,..,..,..,..,..,..,..,..,..,..,..,..,..,..,15413394,17442781,14815977,37069954,48204673,52913603,44104414,33146949,24935819,15493717,19397572,19560046,..
High-technology exports (current US$),TX.VAL.TECH.CD,Bosnia and Herzegovina,BIH,..,..,..,..,..,..,..,..,..,..,..,..,..,..,..,..,..,..,..,..,..,..,..,..,..,..,..,..,..,..,..,..,..,..,..,..,..,..,139606615,83180912,74437472,106590971,80768390,82136598,93752141,99438658,96218192,235858862,261379317,..
High-technology exports (current US$),TX.VAL.TECH.CD,Botswana,BWA,..,..,..,..,..,..,..,..,..,..,..,..,..,..,..,..,..,..,..,..,..,..,..,..,..,..,..,..,..,..,..,..,..,..,..,..,..,..,..,..,..,..,..,26072351,17653089,39548461,28756911,52343181,39449215,..
High-technology exports (current US$),TX.VAL.TECH.CD,Brazil,BRA,..,..,..,..,..,..,..,..,..,..,..,..,..,..,..,..,..,..,..,..,..,..,..,..,..,..,..,..,..,..,..,..,..,..,..,..,..,..,10802230181,8469763734,8819040154,9155404859,9475997923,9070901211,8808980619,9447828534,10421108724,10756516887,11096280497,..
High-technology exports (current US$),TX.VAL.TECH.CD,British Virgin Islands,VGB,..,..,..,..,..,..,..,..,..,..,..,..,..,..,..,..,..,..,..,..,..,..,..,..,..,..,..,..,..,..,..,..,..,..,..,..,..,..,..,..,..,..,..,..,..,..,..,..,..,..
High-technology exports (current US$),TX.VAL.TECH.CD,Brunei Darussalam,BRN,..,..,..,..,..,..,..,..,..,..,..,..,..,..,..,..,..,..,..,..,..,..,..,..,..,..,..,..,..,..,..,..,..,..,..,..,..,..,..,54875547,115298511,121027394,77650222,59457618,67956830,81862668,76850710,161870645,115051,..
High-technology exports (current US$),TX.VAL.TECH.CD,Bulgaria,BGR,..,..,..,..,..,..,..,..,..,..,..,..,..,..,..,..,..,..,..,..,..,..,..,..,..,..,..,..,..,..,..,..,..,..,..,..,..,651953165,808667867,756942712,854813677,1065395711,1021666121,1174076386,1154761729,1185997086,1366736133,1684916675,1956364555,..
High-technology exports (current US$),TX.VAL.TECH.CD,Burkina Faso,BFA,..,..,..,..,..,..,..,..,..,..,..,..,..,..,..,..,..,..,..,..,..,..,..,..,..,..,..,..,..,..,..,..,..,..,..,..,..,..,..,374996,2902764,3163722,11006441,14224653,13834481,5736310,6875574,5267965,..,..
High-technology exports (current US$),TX.VAL.TECH.CD,Burundi,BDI,..,..,..,..,..,..,..,..,..,..,..,..,..,..,..,..,..,..,..,..,..,..,..,..,..,..,..,..,..,..,..,..,..,..,..,..,..,..,..,..,558684,..,..,51849,392605,762345,600998,224838,2019594,..
High-technology exports (current US$),TX.VAL.TECH.CD,Cabo Verde,CPV,..,..,..,..,..,..,..,..,..,..,..,..,..,..,..,..,..,..,..,..,..,..,..,..,..,..,..,..,..,..,..,..,..,..,..,..,..,..,..,..,..,62511,..,..,331,..,..,..,..,..
High-technology exports (current US$),TX.VAL.TECH.CD,Cambodia,KHM,..,..,..,..,..,..,..,..,..,..,..,..,..,..,..,..,..,..,..,..,..,..,..,..,..,..,..,..,..,..,..,..,..,..,..,..,..,1604572,3806890,9960158,8239391,7198370,13857078,73018956,31192962,121425750,171116016,..,..,..
High-technology exports (current US$),TX.VAL.TECH.CD,Cameroon,CMR,..,..,..,..,..,..,..,..,..,..,..,..,..,..,..,..,..,..,..,..,..,..,..,..,..,..,..,..,..,..,..,..,..,..,..,..,..,..,..,..,..,..,..,14007083,28621329,14107828,11759707,30197985,..,..
High-technology exports (current US$),TX.VAL.TECH.CD,Canada,CAN,..,..,..,..,..,..,..,..,..,..,..,..,..,..,..,..,..,..,..,..,..,..,..,..,..,..,..,..,..,..,..,..,..,..,..,..,..,30805025981,30538739415,26149995016,27247838004,28135169998,33776153653,32769499866,29530952353,28847379685,26796566317,27592622818,31011576490,..
High-technology exports (current US$),TX.VAL.TECH.CD,Cayman Islands,CYM,..,..,..,..,..,..,..,..,..,..,..,..,..,..,..,..,..,..,..,..,..,..,..,..,..,..,..,..,..,..,..,..,..,..,..,..,..,..,..,..,..,..,..,..,..,..,..,..,..,..
High-technology exports (current US$),TX.VAL.TECH.CD,Central African Republic,CAF,..,..,..,..,..,..,..,..,..,..,..,..,..,..,..,..,..,..,..,..,..,..,..,..,..,..,..,..,..,..,..,..,..,..,..,..,..,..,..,..,632110,1394,134458,10012,..,4091308,6613251,35462285,..,..
High-technology exports (current US$),TX.VAL.TECH.CD,Chad,TCD,..,..,..,..,..,..,..,..,..,..,..,..,..,..,..,..,..,..,..,..,..,..,..,..,..,..,..,..,..,..,..,..,..,..,..,..,..,..,..,..,..,..,..,..,..,..,..,..,..,..
High-technology exports (current US$),TX.VAL.TECH.CD,Channel Islands,CHI,..,..,..,..,..,..,..,..,..,..,..,..,..,..,..,..,..,..,..,..,..,..,..,..,..,..,..,..,..,..,..,..,..,..,..,..,..,..,..,..,..,..,..,..,..,..,..,..,..,..
High-technology exports (current US$),TX.VAL.TECH.CD,Chile,CHL,..,..,..,..,..,..,..,..,..,..,..,..,..,..,..,..,..,..,..,..,..,..,..,..,..,..,..,..,..,..,..,..,..,..,..,..,..,655059603,693628846,466984787,556489692,560486945,574677742,728933021,761285160,612696043,733958318,623854353,680276777,..
High-technology exports (current US$),TX.VAL.TECH.CD,China,CHN,..,..,..,..,..,..,..,..,..,..,..,..,..,..,..,..,..,..,..,..,..,..,..,..,..,..,..,..,..,..,..,..,..,..,..,..,..,342609990249,390993679705,359273932009,474521815988,540194662418,593894382352,655996259990,653870449086,652237382663,594551851891,654187610235,..,..
High-technology exports (current US$),TX.VAL.TECH.CD,Colombia,COL,..,..,..,..,..,..,..,..,..,..,..,..,..,..,..,..,..,..,..,..,..,..,..,..,..,..,..,..,..,..,..,..,..,..,..,..,..,360315732,476182109,494733006,461947300,436937539,572836749,781609895,762857177,824135430,778286862,694848478,606299077,..
High-technology exports (current US$),TX.VAL.TECH.CD,Comoros,COM,..,..,..,..,..,..,..,..,..,..,..,..,..,..,..,..,..,..,..,..,..,..,..,..,..,..,..,..,..,..,..,..,..,..,..,..,..,..,..,..,..,..,..,..,..,..,..,..,..,..
High-technology exports (current US$),TX.VAL.TECH.CD,"Congo, Dem. Rep.",COD,..,..,..,..,..,..,..,..,..,..,..,..,..,..,..,..,..,..,..,..,..,..,..,..,..,..,..,..,..,..,..,..,..,..,..,..,..,..,..,..,..,..,..,..,..,..,..,..,..,..
High-technology exports (current US$),TX.VAL.TECH.CD,"Congo, Rep.",COG,..,..,..,..,..,..,..,..,..,..,..,..,..,..,..,..,..,..,..,..,..,..,..,..,..,..,..,..,..,..,..,..,..,..,..,..,..,..,..,..,..,..,..,..,49395075,..,..,93174601,..,..
High-technology exports (current US$),TX.VAL.TECH.CD,Costa Rica,CRI,..,..,..,..,..,..,..,..,..,..,..,..,..,..,..,..,..,..,..,..,..,..,..,..,..,..,..,..,..,..,..,..,..,..,..,..,..,2537251576,2435412469,1795033449,2203423980,2521508758,2732195463,3074122924,2418629267,869907738,951923465,1106846239,..,..
High-technology exports (current US$),TX.VAL.TECH.CD,Cote d'Ivoire,CIV,..,..,..,..,..,..,..,..,..,..,..,..,..,..,..,..,..,..,..,..,..,..,..,..,..,..,..,..,..,..,..,..,..,..,..,..,..,..,186641278,196206006,70478640,176509095,96850646,136432800,242299848,68144568,62786697,137411132,..,..
High-technology exports (current US$),TX.VAL.TECH.CD,Croatia,HRV,..,..,..,..,..,..,..,..,..,..,..,..,..,..,..,..,..,..,..,..,..,..,..,..,..,..,..,..,..,..,..,..,..,..,..,..,..,803505740,936982483,792991353,817139880,776016219,913351649,999788842,915592300,915710065,1336108842,923411397,1011939688,..
High-technology exports (current US$),TX.VAL.TECH.CD,Cuba,CUB,..,..,..,..,..,..,..,..,..,..,..,..,..,..,..,..,..,..,..,..,..,..,..,..,..,..,..,..,..,..,..,..,..,..,..,..,..,..,..,..,..,..,..,..,..,..,..,..,..,..
High-technology exports (current US$),TX.VAL.TECH.CD,Curacao,CUW,..,..,..,..,..,..,..,..,..,..,..,..,..,..,..,..,..,..,..,..,..,..,..,..,..,..,..,..,..,..,..,..,..,..,..,..,..,..,..,..,..,..,..,..,..,..,..,..,..,..
High-technology exports (current US$),TX.VAL.TECH.CD,Cyprus,CYP,..,..,..,..,..,..,..,..,..,..,..,..,..,..,..,..,..,..,..,..,..,..,..,..,..,..,..,..,..,..,..,..,..,..,..,..,..,96700001,123587756,109541359,143937802,112875069,55513253,56343471,68739416,57425206,56436100,57707767,95712384,..
High-technology exports (current US$),TX.VAL.TECH.CD,Czech Republic,CZE,..,..,..,..,..,..,..,..,..,..,..,..,..,..,..,..,..,..,..,..,..,..,..,..,..,..,..,..,..,..,..,..,..,..,..,..,..,16618591678,20130962520,17057891974,20395531524,26850108584,25444035514,24688886246,26920796119,24815446357,24842643045,29543508515,36002162990,..
High-technology exports (current US$),TX.VAL.TECH.CD,Denmark,DNK,..,..,..,..,..,..,..,..,..,..,..,..,..,..,..,..,..,..,..,..,..,..,..,..,..,..,..,..,..,..,..,..,..,..,..,..,..,12072883508,12420438803,11257888044,9011723053,10408611696,9742795424,10204683144,10641145823,10096888703,10056851237,8937322533,9569070446,..
High-technology exports (current US$),TX.VAL.TECH.CD,Djibouti,DJI,..,..,..,..,..,..,..,..,..,..,..,..,..,..,..,..,..,..,..,..,..,..,..,..,..,..,..,..,..,..,..,..,..,..,..,..,..,..,..,1331100,..,..,..,..,..,..,..,..,..,..
High-technology exports (current US$),TX.VAL.TECH.CD,Dominica,DMA,..,..,..,..,..,..,..,..,..,..,..,..,..,..,..,..,..,..,..,..,..,..,..,..,..,..,..,..,..,..,..,..,..,..,..,..,..,..,..,..,154223,..,1949279,..,..,..,..,..,..,..
High-technology exports (current US$),TX.VAL.TECH.CD,Dominican Republic,DOM,..,..,..,..,..,..,..,..,..,..,..,..,..,..,..,..,..,..,..,..,..,..,..,..,..,..,..,..,..,..,..,..,..,..,..,..,..,561963759,171278177,79348996,75811122,97407060,145436381,197793261,223054401,206620652,230969486,432904183,..,..
High-technology exports (current US$),TX.VAL.TECH.CD,Ecuador,ECU,..,..,..,..,..,..,..,..,..,..,..,..,..,..,..,..,..,..,..,..,..,..,..,..,..,..,..,..,..,..,..,..,..,..,..,..,..,..,82118802,54807593,146605389,59881533,55266062,78998915,81594903,103054633,111063506,94093429,68401030,..
High-technology exports (current US$),TX.VAL.TECH.CD,"Egypt, Arab Rep.",EGY,..,..,..,..,..,..,..,..,..,..,..,..,..,..,..,..,..,..,..,..,..,..,..,..,..,..,..,..,..,..,..,..,..,..,..,..,..,..,98833693,84124958,104581857,133427057,78780353,72676207,168393197,84134204,52266786,72462549,125700404,..
High-technology exports (current US$),TX.VAL.TECH.CD,El Salvador,SLV,..,..,..,..,..,..,..,..,..,..,..,..,..,..,..,..,..,..,..,..,..,..,..,..,..,..,..,..,..,..,..,..,..,..,..,..,..,190282218,202277691,178006148,235605826,238653934,225446747,227689954,226153,209056904,223925,251219313,277848583,..
High-technology exports (current US$),TX.VAL.TECH.CD,Equatorial Guinea,GNQ,..,..,..,..,..,..,..,..,..,..,..,..,..,..,..,..,..,..,..,..,..,..,..,..,..,..,..,..,..,..,..,..,..,..,..,..,..,..,..,..,..,..,..,..,..,..,..,..,..,..
High-technology exports (current US$),TX.VAL.TECH.CD,Eritrea,ERI,..,..,..,..,..,..,..,..,..,..,..,..,..,..,..,..,..,..,..,..,..,..,..,..,..,..,..,..,..,..,..,..,..,..,..,..,..,..,..,..,..,..,..,..,..,..,..,..,..,..
High-technology exports (current US$),TX.VAL.TECH.CD,Estonia,EST,..,..,..,..,..,..,..,..,..,..,..,..,..,..,..,..,..,..,..,..,..,..,..,..,..,..,..,..,..,..,..,..,..,..,..,..,..,894803112,976615336,671662055,1253040823,2547547548,2356422334,2546304376,2708974360,2053273080,2106427460,1843067776,2063713749,..
High-technology exports (current US$),TX.VAL.TECH.CD,Eswatini,SWZ,..,..,..,..,..,..,..,..,..,..,..,..,..,..,..,..,..,..,..,..,..,..,..,..,..,..,..,..,..,..,..,..,..,..,..,..,..,..,..,..,..,..,..,885964,1206550,2497684,2082477,3666123,..,..
High-technology exports (current US$),TX.VAL.TECH.CD,Ethiopia,ETH,..,..,..,..,..,..,..,..,..,..,..,..,..,..,..,..,..,..,..,..,..,..,..,..,..,..,..,..,..,..,..,..,..,..,..,..,..,..,8199619,7011393,9256819,5714831,7536556,9326554,25574805,17098938,10087159,..,..,..
High-technology exports (current US$),TX.VAL.TECH.CD,Faroe Islands,FRO,..,..,..,..,..,..,..,..,..,..,..,..,..,..,..,..,..,..,..,..,..,..,..,..,..,..,..,..,..,..,..,..,..,..,..,..,..,135174,6442960,358803,..,..,..,..,..,..,..,..,..,..
High-technology exports (current US$),TX.VAL.TECH.CD,Fiji,FJI,..,..,..,..,..,..,..,..,..,..,..,..,..,..,..,..,..,..,..,..,..,..,..,..,..,..,..,..,..,..,..,..,..,..,..,..,..,..,5262584,5167974,5152322,5386999,2769706,2715493,3352286,2259048,3238852,4089668,4778477,..
High-technology exports (current US$),TX.VAL.TECH.CD,Finland,FIN,..,..,..,..,..,..,..,..,..,..,..,..,..,..,..,..,..,..,..,..,..,..,..,..,..,..,..,..,..,..,..,..,..,..,..,..,..,15797675341,16915233282,8742550406,7053018058,6422505575,5473606478,4694300378,5102703824,4250977309,3966656486,4405114576,4515414673,..
High-technology exports (current US$),TX.VAL.TECH.CD,France,FRA,..,..,..,..,..,..,..,..,..,..,..,..,..,..,..,..,..,..,..,..,..,..,..,..,..,..,..,..,..,..,..,..,..,..,..,..,..,86673912452,100129958099,88872522741,106441068497,112914418716,114947402194,119314806417,121375781336,110206317007,109316534720,109359053829,117814412441,..
High-technology exports (current US$),TX.VAL.TECH.CD,French Polynesia,PYF,..,..,..,..,..,..,..,..,..,..,..,..,..,..,..,..,..,..,..,..,..,..,..,..,..,..,..,..,..,..,..,..,..,..,..,..,..,..,..,11343822,6207963,20506495,2388577,8801278,20726119,11000066,..,..,..,..
High-technology exports (current US$),TX.VAL.TECH.CD,Gabon,GAB,..,..,..,..,..,..,..,..,..,..,..,..,..,..,..,..,..,..,..,..,..,..,..,..,..,..,..,..,..,..,..,..,..,..,..,..,..,..,..,..,..,..,..,..,..,..,..,..,..,..
High-technology exports (current US$),TX.VAL.TECH.CD,"Gambia, The",GMB,..,..,..,..,..,..,..,..,..,..,..,..,..,..,..,..,..,..,..,..,..,..,..,..,..,..,..,..,..,..,..,..,..,..,..,..,..,..,..,..,..,30717,12721,54419,0,37343,265957,3864,..,..
High-technology exports (current US$),TX.VAL.TECH.CD,Georgia,GEO,..,..,..,..,..,..,..,..,..,..,..,..,..,..,..,..,..,..,..,..,..,..,..,..,..,..,..,..,..,..,..,..,..,..,..,..,..,..,..,14814975,14266474,12154187,20048798,21318338,35254745,39239884,23165917,26751766,26950274,..
High-technology exports (current US$),TX.VAL.TECH.CD,Germany,DEU,..,..,..,..,..,..,..,..,..,..,..,..,..,..,..,..,..,..,..,..,..,..,..,..,..,..,..,..,..,..,..,..,..,..,..,..,..,169887312000,183535525092,159207939862,180522971795,203237045896,204071158697,210021104939,216162647850,199797306303,204384737925,196321185995,209610181434,..
High-technology exports (current US$),TX.VAL.TECH.CD,Ghana,GHA,..,..,..,..,..,..,..,..,..,..,..,..,..,..,..,..,..,..,..,..,..,..,..,..,..,..,..,..,..,..,..,..,..,..,..,..,..,..,..,..,9246784,23761633,76336097,62421497,..,..,21056625,41531749,50006668,..
High-technology exports (current US$),TX.VAL.TECH.CD,Gibraltar,GIB,..,..,..,..,..,..,..,..,..,..,..,..,..,..,..,..,..,..,..,..,..,..,..,..,..,..,..,..,..,..,..,..,..,..,..,..,..,..,..,..,..,..,..,..,..,..,..,..,..,..
High-technology exports (current US$),TX.VAL.TECH.CD,Greece,GRC,..,..,..,..,..,..,..,..,..,..,..,..,..,..,..,..,..,..,..,..,..,..,..,..,..,..,..,..,..,..,..,..,..,..,..,..,..,1121475103,1598377068,1368731589,1296421405,1402430844,1137984293,950028738,1337152824,1330536725,1415256394,1384000150,1754801996,..
High-technology exports (current US$),TX.VAL.TECH.CD,Greenland,GRL,..,..,..,..,..,..,..,..,..,..,..,..,..,..,..,..,..,..,..,..,..,..,..,..,..,..,..,..,..,..,..,..,..,..,..,..,..,1700118,486704,..,13306185,1773162,3325952,919558,257024,12776484,2115983,1743354,487975,..
High-technology exports (current US$),TX.VAL.TECH.CD,Grenada,GRD,..,..,..,..,..,..,..,..,..,..,..,..,..,..,..,..,..,..,..,..,..,..,..,..,..,..,..,..,..,..,..,..,..,..,..,..,..,..,..,..,..,..,..,..,..,..,..,..,..,..
High-technology exports (current US$),TX.VAL.TECH.CD,Guam,GUM,..,..,..,..,..,..,..,..,..,..,..,..,..,..,..,..,..,..,..,..,..,..,..,..,..,..,..,..,..,..,..,..,..,..,..,..,..,..,..,..,..,..,..,..,..,..,..,..,..,..
High-technology exports (current US$),TX.VAL.TECH.CD,Guatemala,GTM,..,..,..,..,..,..,..,..,..,..,..,..,..,..,..,..,..,..,..,..,..,..,..,..,..,..,..,..,..,..,..,..,..,..,..,..,..,125890881,157357031,149657695,228568349,198224980,208074792,213728660,229856419,249133981,259700353,246966678,..,..
High-technology exports (current US$),TX.VAL.TECH.CD,Guinea,GIN,..,..,..,..,..,..,..,..,..,..,..,..,..,..,..,..,..,..,..,..,..,..,..,..,..,..,..,..,..,..,..,..,..,..,..,..,..,..,..,..,..,..,..,989751,3601290,2455734,..,..,..,..
High-technology exports (current US$),TX.VAL.TECH.CD,Guinea-Bissau,GNB,..,..,..,..,..,..,..,..,..,..,..,..,..,..,..,..,..,..,..,..,..,..,..,..,..,..,..,..,..,..,..,..,..,..,..,..,..,..,..,..,..,..,..,..,..,..,..,..,..,..
High-technology exports (current US$),TX.VAL.TECH.CD,Guyana,GUY,..,..,..,..,..,..,..,..,..,..,..,..,..,..,..,..,..,..,..,..,..,..,..,..,..,..,..,..,..,..,..,..,..,..,..,..,..,412055,70848,16213,74241,95679,41530,119766,105393,117830,161359,254735,160370,..
High-technology exports (current US$),TX.VAL.TECH.CD,Haiti,HTI,..,..,..,..,..,..,..,..,..,..,..,..,..,..,..,..,..,..,..,..,..,..,..,..,..,..,..,..,..,..,..,..,..,..,..,..,..,..,..,..,..,..,..,..,..,..,..,..,..,..
High-technology exports (current US$),TX.VAL.TECH.CD,Honduras,HND,..,..,..,..,..,..,..,..,..,..,..,..,..,..,..,..,..,..,..,..,..,..,..,..,..,..,..,..,..,..,..,..,..,..,..,..,..,9813708,..,15498509,19523512,12063500,39629273,..,44610834,18698692,37769500,45740961,..,..
High-technology exports (current US$),TX.VAL.TECH.CD,"Hong Kong SAR, China",HKG,..,..,..,..,..,..,..,..,..,..,..,..,..,..,..,..,..,..,..,..,..,..,..,..,..,..,..,..,..,..,..,..,..,..,..,..,..,2650435083,2354314069,1999988430,2527688328,1223155020,962302375,680836568,540930248,453113875,469855936,..,..,..
High-technology exports (current US$),TX.VAL.TECH.CD,Hungary,HUN,..,..,..,..,..,..,..,..,..,..,..,..,..,..,..,..,..,..,..,..,..,..,..,..,..,..,..,..,..,..,..,..,..,..,..,..,..,19947348000,21676178000,18119039000,20250342000,22847603000,17580685760,17144182548,15686910823,14668166894,15711598927,16903987958,18033476708,..
High-technology exports (current US$),TX.VAL.TECH.CD,Iceland,ISL,..,..,..,..,..,..,..,..,..,..,..,..,..,..,..,..,..,..,..,..,..,..,..,..,..,..,..,..,..,..,..,..,..,..,..,..,..,774999866,417158537,246432607,142439834,157704167,111298114,94980249,119694467,111536289,136816468,167559778,143430802,..
High-technology exports (current US$),TX.VAL.TECH.CD,India,IND,..,..,..,..,..,..,..,..,..,..,..,..,..,..,..,..,..,..,..,..,..,..,..,..,..,..,..,..,..,..,..,..,..,..,..,..,..,..,..,11347424854,10778725729,14546206697,13927179245,17965366385,18344917155,14615780664,14300754797,15161028362,20273090235,..
High-technology exports (current US$),TX.VAL.TECH.CD,Indonesia,IDN,..,..,..,..,..,..,..,..,..,..,..,..,..,..,..,..,..,..,..,..,..,..,..,..,..,..,..,..,..,..,..,..,..,..,..,..,..,..,..,..,7065519398,7291773259,7242007286,6520318705,6603091281,5900470886,5418668848,5974888118,6389604745,..
High-technology exports (current US$),TX.VAL.TECH.CD,"Iran, Islamic Rep.",IRN,..,..,..,..,..,..,..,..,..,..,..,..,..,..,..,..,..,..,..,..,..,..,..,..,..,..,..,..,..,..,..,..,..,..,..,..,..,..,..,..,..,710992017,..,280498132,308948526,..,249197112,278924957,..,..
High-technology exports (current US$),TX.VAL.TECH.CD,Iraq,IRQ,..,..,..,..,..,..,..,..,..,..,..,..,..,..,..,..,..,..,..,..,..,..,..,..,..,..,..,..,..,..,..,..,..,..,..,..,..,..,..,..,..,..,..,..,..,..,..,..,..,..
High-technology exports (current US$),TX.VAL.TECH.CD,Ireland,IRL,..,..,..,..,..,..,..,..,..,..,..,..,..,..,..,..,..,..,..,..,..,..,..,..,..,..,..,..,..,..,..,..,..,..,..,..,..,31642374025,31031561099,26463470196,23348668172,27793208823,26223319165,25029015199,25865024116,30632324601,37990080238,34827021587,36493794777,..
High-technology exports (current US$),TX.VAL.TECH.CD,Isle of Man,IMN,..,..,..,..,..,..,..,..,..,..,..,..,..,..,..,..,..,..,..,..,..,..,..,..,..,..,..,..,..,..,..,..,..,..,..,..,..,..,..,..,..,..,..,..,..,..,..,..,..,..
High-technology exports (current US$),TX.VAL.TECH.CD,Israel,ISR,..,..,..,..,..,..,..,..,..,..,..,..,..,..,..,..,..,..,..,..,..,..,..,..,..,..,..,..,..,..,..,..,..,..,..,..,..,3121661000,9662205000,10540545000,10584992000,11681717000,11565015000,11744185000,12408980000,13753939000,12199784000,12057719000,12971903000,..
High-technology exports (current US$),TX.VAL.TECH.CD,Italy,ITA,..,..,..,..,..,..,..,..,..,..,..,..,..,..,..,..,..,..,..,..,..,..,..,..,..,..,..,..,..,..,..,..,..,..,..,..,..,30352903213,32850608496,28148836006,29719447144,34153221516,29851307796,32431629494,33222989923,30511569124,31317931725,32232276659,33820879378,..
High-technology exports (current US$),TX.VAL.TECH.CD,Jamaica,JAM,..,..,..,..,..,..,..,..,..,..,..,..,..,..,..,..,..,..,..,..,..,..,..,..,..,..,..,..,..,..,..,..,..,..,..,..,..,..,6447307,4359835,2935421,4141872,4638187,4359115,3358011,552512,2140177,11652999,..,..
High-technology exports (current US$),TX.VAL.TECH.CD,Japan,JPN,..,..,..,..,..,..,..,..,..,..,..,..,..,..,..,..,..,..,..,..,..,..,..,..,..,..,..,..,..,..,..,..,..,..,..,..,..,128727363860,130663627323,104428943952,130195143315,133518227403,129759453736,111570711084,107607055831,98537259154,99291270316,106416048221,111020443595,..
High-technology exports (current US$),TX.VAL.TECH.CD,Jordan,JOR,..,..,..,..,..,..,..,..,..,..,..,..,..,..,..,..,..,..,..,..,..,..,..,..,..,..,..,..,..,..,..,..,..,..,..,..,..,38758062,42631517,50931443,122345003,117330940,107823091,81697863,93168512,121230000,149415963,83323220,..,..
High-technology exports (current US$),TX.VAL.TECH.CD,Kazakhstan,KAZ,..,..,..,..,..,..,..,..,..,..,..,..,..,..,..,..,..,..,..,..,..,..,..,..,..,..,..,..,..,..,..,..,..,..,..,..,..,..,..,1812739413,2364844859,2599205989,3571435540,3112444089,3396247933,2856234330,2076559972,1787126321,1783933787,..
High-technology exports (current US$),TX.VAL.TECH.CD,Kenya,KEN,..,..,..,..,..,..,..,..,..,..,..,..,..,..,..,..,..,..,..,..,..,..,..,..,..,..,..,..,..,..,..,..,..,..,..,..,..,..,80113877,98505674,117836309,..,..,78074332,..,..,..,48617464,54899302,..
High-technology exports (current US$),TX.VAL.TECH.CD,Kiribati,KIR,..,..,..,..,..,..,..,..,..,..,..,..,..,..,..,..,..,..,..,..,..,..,..,..,..,..,..,..,..,..,..,..,..,..,..,..,..,..,..,..,..,..,..,..,38747,23848,123472,..,..,..
High-technology exports (current US$),TX.VAL.TECH.CD,"Korea, Dem. People’s Rep.",PRK,..,..,..,..,..,..,..,..,..,..,..,..,..,..,..,..,..,..,..,..,..,..,..,..,..,..,..,..,..,..,..,..,..,..,..,..,..,..,..,..,..,..,..,..,..,..,..,..,..,..
High-technology exports (current US$),TX.VAL.TECH.CD,"Korea, Rep.",KOR,..,..,..,..,..,..,..,..,..,..,..,..,..,..,..,..,..,..,..,..,..,..,..,..,..,..,..,..,..,..,..,..,..,..,..,..,..,106536575954,110796256042,103496484580,132079020904,133473672851,130689572360,143484623384,149059893806,147118868911,135914291176,166675269584,192789656676,..
High-technology exports (current US$),TX.VAL.TECH.CD,Kosovo,XKX,..,..,..,..,..,..,..,..,..,..,..,..,..,..,..,..,..,..,..,..,..,..,..,..,..,..,..,..,..,..,..,..,..,..,..,..,..,..,..,..,..,..,..,..,..,..,..,..,..,..
High-technology exports (current US$),TX.VAL.TECH.CD,Kuwait,KWT,..,..,..,..,..,..,..,..,..,..,..,..,..,..,..,..,..,..,..,..,..,..,..,..,..,..,..,..,..,..,..,..,..,..,..,..,..,..,..,..,128299623,131438847,..,97593423,5504361,148391014,91998817,204031689,231363392,..
High-technology exports (current US$),TX.VAL.TECH.CD,Kyrgyz Republic,KGZ,..,..,..,..,..,..,..,..,..,..,..,..,..,..,..,..,..,..,..,..,..,..,..,..,..,..,..,..,..,..,..,..,..,..,..,..,..,..,11470412,11019696,2970808,11909204,16118188,17236761,6232732,43740657,67844909,88959757,39500666,..
High-technology exports (current US$),TX.VAL.TECH.CD,Lao PDR,LAO,..,..,..,..,..,..,..,..,..,..,..,..,..,..,..,..,..,..,..,..,..,..,..,..,..,..,..,..,..,..,..,..,..,..,..,..,..,..,..,..,19433467,21093611,11789240,45042419,153548989,298095467,275176774,..,..,..
High-technology exports (current US$),TX.VAL.TECH.CD,Latvia,LVA,..,..,..,..,..,..,..,..,..,..,..,..,..,..,..,..,..,..,..,..,..,..,..,..,..,..,..,..,..,..,..,..,..,..,..,..,..,356719940,430105241,375922456,430707595,633815820,777098343,1082425231,1329488674,1291458329,1203458453,1413240988,1747647559,..
High-technology exports (current US$),TX.VAL.TECH.CD,Lebanon,LBN,..,..,..,..,..,..,..,..,..,..,..,..,..,..,..,..,..,..,..,..,..,..,..,..,..,..,..,..,..,..,..,..,..,..,..,..,..,51309079,77054015,161873124,605177111,61167596,44875795,50373171,46480137,37644903,38914218,272165501,39529301,..
High-technology exports (current US$),TX.VAL.TECH.CD,Lesotho,LSO,..,..,..,..,..,..,..,..,..,..,..,..,..,..,..,..,..,..,..,..,..,..,..,..,..,..,..,..,..,..,..,..,..,..,..,..,..,..,..,..,..,..,..,..,..,682350,..,1254081,..,..
High-technology exports (current US$),TX.VAL.TECH.CD,Liberia,LBR,..,..,..,..,..,..,..,..,..,..,..,..,..,..,..,..,..,..,..,..,..,..,..,..,..,..,..,..,..,..,..,..,..,..,..,..,..,..,..,..,..,..,..,..,..,..,..,..,..,..
High-technology exports (current US$),TX.VAL.TECH.CD,Libya,LBY,..,..,..,..,..,..,..,..,..,..,..,..,..,..,..,..,..,..,..,..,..,..,..,..,..,..,..,..,..,..,..,..,..,..,..,..,..,..,..,..,..,..,..,..,..,..,..,..,..,..
High-technology exports (current US$),TX.VAL.TECH.CD,Liechtenstein,LIE,..,..,..,..,..,..,..,..,..,..,..,..,..,..,..,..,..,..,..,..,..,..,..,..,..,..,..,..,..,..,..,..,..,..,..,..,..,..,..,..,..,..,..,..,..,..,..,..,..,..
High-technology exports (current US$),TX.VAL.TECH.CD,Lithuania,LTU,..,..,..,..,..,..,..,..,..,..,..,..,..,..,..,..,..,..,..,..,..,..,..,..,..,..,..,..,..,..,..,..,..,..,..,..,..,1262795529,1547215041,961309552,1263667492,1583461183,1712087878,1907024595,2093093373,1920341226,1963431129,2317936056,2516321413,..
High-technology exports (current US$),TX.VAL.TECH.CD,Luxembourg,LUX,..,..,..,..,..,..,..,..,..,..,..,..,..,..,..,..,..,..,..,..,..,..,..,..,..,..,..,..,..,..,..,..,..,..,..,..,..,1411406502,1146674832,1044151971,962856325,1135855717,925030454,743238936,679502822,702202236,811594546,786641158,858269925,..
High-technology exports (current US$),TX.VAL.TECH.CD,"Macao SAR, China",MAC,..,..,..,..,..,..,..,..,..,..,..,..,..,..,..,..,..,..,..,..,..,..,..,..,..,..,..,..,..,..,..,..,..,..,..,..,..,44444052,38773741,21512694,..,..,..,..,38253,..,..,..,..,..
High-technology exports (current US$),TX.VAL.TECH.CD,Madagascar,MDG,..,..,..,..,..,..,..,..,..,..,..,..,..,..,..,..,..,..,..,..,..,..,..,..,..,..,..,..,..,..,..,..,..,..,..,..,..,7358033,7433359,9755514,7379038,52264343,2053172,2591337,4418113,1571831,7239834,4949826,..,..
High-technology exports (current US$),TX.VAL.TECH.CD,Malawi,MWI,..,..,..,..,..,..,..,..,..,..,..,..,..,..,..,..,..,..,..,..,..,..,..,..,..,..,..,..,..,..,..,..,..,..,..,..,..,..,2124185,3758804,2106796,22773567,1672462,11023851,9848473,4022059,26903867,8406539,..,..
High-technology exports (current US$),TX.VAL.TECH.CD,Malaysia,MYS,..,..,..,..,..,..,..,..,..,..,..,..,..,..,..,..,..,..,..,..,..,..,..,..,..,..,..,..,..,..,..,..,..,..,..,..,..,..,..,55657598669,65679346179,66508233664,66500014332,67099495956,70965144695,64474611125,63220193892,74136279705,90395903009,..
High-technology exports (current US$),TX.VAL.TECH.CD,Maldives,MDV,..,..,..,..,..,..,..,..,..,..,..,..,..,..,..,..,..,..,..,..,..,..,..,..,..,..,..,..,..,..,..,..,..,..,..,..,..,..,..,..,..,..,..,..,..,..,120,708,..,..
High-technology exports (current US$),TX.VAL.TECH.CD,Mali,MLI,..,..,..,..,..,..,..,..,..,..,..,..,..,..,..,..,..,..,..,..,..,..,..,..,..,..,..,..,..,..,..,..,..,..,..,..,..,..,3373034,..,3274324,7320665,3974159,..,..,..,10105788,3021238,..,..
High-technology exports (current US$),TX.VAL.TECH.CD,Malta,MLT,..,..,..,..,..,..,..,..,..,..,..,..,..,..,..,..,..,..,..,..,..,..,..,..,..,..,..,..,..,..,..,..,..,..,..,..,..,1491753348,1346504920,1006510130,1185240215,1318065057,1276145313,1017479267,858230375,635089986,592218559,..,766126821,..
High-technology exports (current US$),TX.VAL.TECH.CD,Marshall Islands,MHL,..,..,..,..,..,..,..,..,..,..,..,..,..,..,..,..,..,..,..,..,..,..,..,..,..,..,..,..,..,..,..,..,..,..,..,..,..,..,..,..,..,..,..,..,..,..,..,..,..,..
High-technology exports (current US$),TX.VAL.TECH.CD,Mauritania,MRT,..,..,..,..,..,..,..,..,..,..,..,..,..,..,..,..,..,..,..,..,..,..,..,..,..,..,..,..,..,..,..,..,..,..,..,..,..,..,..,..,..,..,..,..,..,..,44,..,..,..
High-technology exports (current US$),TX.VAL.TECH.CD,Mauritius,MUS,..,..,..,..,..,..,..,..,..,..,..,..,..,..,..,..,..,..,..,..,..,..,..,..,..,..,..,..,..,..,..,..,..,..,..,..,..,..,102798711,22748806,6212760,9788104,10637134,6397088,355022,1289246,1053500,28412079,31292622,..
High-technology exports (current US$),TX.VAL.TECH.CD,Mexico,MEX,..,..,..,..,..,..,..,..,..,..,..,..,..,..,..,..,..,..,..,..,..,..,..,..,..,..,..,..,..,..,..,..,..,..,..,..,..,..,43707714823,38972532897,49291367742,52313656570,57666698884,58572112528,62898663565,61377689207,63599157178,70934811937,76287662394,..
High-technology exports (current US$),TX.VAL.TECH.CD,"Micronesia, Fed. Sts.",FSM,..,..,..,..,..,..,..,..,..,..,..,..,..,..,..,..,..,..,..,..,..,..,..,..,..,..,..,..,..,..,..,..,..,..,..,..,..,..,..,..,..,..,..,..,..,..,..,..,..,..
High-technology exports (current US$),TX.VAL.TECH.CD,Moldova,MDA,..,..,..,..,..,..,..,..,..,..,..,..,..,..,..,..,..,..,..,..,..,..,..,..,..,..,..,..,..,..,..,..,..,..,..,..,..,..,..,10339499,20511411,19863856,26511802,16758559,26543277,20759441,15491763,30060831,18944087,..
High-technology exports (current US$),TX.VAL.TECH.CD,Monaco,MCO,..,..,..,..,..,..,..,..,..,..,..,..,..,..,..,..,..,..,..,..,..,..,..,..,..,..,..,..,..,..,..,..,..,..,..,..,..,..,..,..,..,..,..,..,..,..,..,..,..,..
High-technology exports (current US$),TX.VAL.TECH.CD,Mongolia,MNG,..,..,..,..,..,..,..,..,..,..,..,..,..,..,..,..,..,..,..,..,..,..,..,..,..,..,..,..,..,..,..,..,..,..,..,..,..,7109238,..,..,..,..,..,22669722,33796542,3152908,35523919,3779198,6763250,..
High-technology exports (current US$),TX.VAL.TECH.CD,Montenegro,MNE,..,..,..,..,..,..,..,..,..,..,..,..,..,..,..,..,..,..,..,..,..,..,..,..,..,..,..,..,..,..,..,..,..,..,..,..,..,..,6279001,16652965,8629674,16931436,9889196,6909504,11118361,11848593,5136993,5133057,4246458,..
High-technology exports (current US$),TX.VAL.TECH.CD,Morocco,MAR,..,..,..,..,..,..,..,..,..,..,..,..,..,..,..,..,..,..,..,..,..,..,..,..,..,..,..,..,..,..,..,..,..,..,..,..,..,..,..,..,..,..,..,..,..,564392253,602597558,691266542,..,..
High-technology exports (current US$),TX.VAL.TECH.CD,Mozambique,MOZ,..,..,..,..,..,..,..,..,..,..,..,..,..,..,..,..,..,..,..,..,..,..,..,..,..,..,..,..,..,..,..,..,..,..,..,..,..,..,..,..,..,..,104748497,83888558,44098230,..,12601457,32198905,27220071,..
High-technology exports (current US$),TX.VAL.TECH.CD,Myanmar,MMR,..,..,..,..,..,..,..,..,..,..,..,..,..,..,..,..,..,..,..,..,..,..,..,..,..,..,..,..,..,..,..,..,..,..,..,..,..,..,..,..,41739,3743377,15467021,6071366,15846765,10362771,252834723,285995159,312054589,..
High-technology exports (current US$),TX.VAL.TECH.CD,Namibia,NAM,..,..,..,..,..,..,..,..,..,..,..,..,..,..,..,..,..,..,..,..,..,..,..,..,..,..,..,..,..,..,..,..,..,..,..,..,..,85745572,23868952,44645778,50444955,48113447,108419186,72295515,114014386,6256557,24271281,15790091,2888323,..
High-technology exports (current US$),TX.VAL.TECH.CD,Nauru,NRU,..,..,..,..,..,..,..,..,..,..,..,..,..,..,..,..,..,..,..,..,..,..,..,..,..,..,..,..,..,..,..,..,..,..,..,..,..,..,..,..,..,..,..,..,..,..,..,..,..,..
High-technology exports (current US$),TX.VAL.TECH.CD,Nepal,NPL,..,..,..,..,..,..,..,..,..,..,..,..,..,..,..,..,..,..,..,..,..,..,..,..,..,..,..,..,..,..,..,..,..,..,..,..,..,..,..,2526185,4313163,2783697,816353,1909800,4400040,2850013,4241243,5993527,..,..
High-technology exports (current US$),TX.VAL.TECH.CD,Netherlands,NLD,..,..,..,..,..,..,..,..,..,..,..,..,..,..,..,..,..,..,..,..,..,..,..,..,..,..,..,..,..,..,..,..,..,..,..,..,..,83800265539,78401590953,67926426677,77648849738,84968209049,81608145294,87885622845,91097047679,69866168731,71436737099,78598909079,85790941660,..
High-technology exports (current US$),TX.VAL.TECH.CD,New Caledonia,NCL,..,..,..,..,..,..,..,..,..,..,..,..,..,..,..,..,..,..,..,..,..,..,..,..,..,..,..,..,..,..,..,..,..,..,..,..,..,..,5592609,141296676,6491337,160695824,85540787,99288063,137707111,38232166,..,..,..,..
High-technology exports (current US$),TX.VAL.TECH.CD,New Zealand,NZL,..,..,..,..,..,..,..,..,..,..,..,..,..,..,..,..,..,..,..,..,..,..,..,..,..,..,..,..,..,..,..,..,..,..,..,..,..,662664983,637514818,521135131,623284530,927315044,762607243,776231015,699198667,660943902,640393735,564489408,606940905,..
High-technology exports (current US$),TX.VAL.TECH.CD,Nicaragua,NIC,..,..,..,..,..,..,..,..,..,..,..,..,..,..,..,..,..,..,..,..,..,..,..,..,..,..,..,..,..,..,..,..,..,..,..,..,..,5557868,8213173,7447275,6233877,7559400,4660294,7987567,9951099,11891363,17030802,12612402,14952958,..
High-technology exports (current US$),TX.VAL.TECH.CD,Niger,NER,..,..,..,..,..,..,..,..,..,..,..,..,..,..,..,..,..,..,..,..,..,..,..,..,..,..,..,..,..,..,..,..,..,..,..,..,..,..,..,4864092,4619872,3285632,4743782,53489210,72921955,11881005,2498948,..,..,..
High-technology exports (current US$),TX.VAL.TECH.CD,Nigeria,NGA,..,..,..,..,..,..,..,..,..,..,..,..,..,..,..,..,..,..,..,..,..,..,..,..,..,..,..,..,..,..,..,..,..,..,..,..,..,..,..,53325602,63825351,40835778,81309415,93865047,150719079,..,7388348,18315636,41631961,..
High-technology exports (current US$),TX.VAL.TECH.CD,North Macedonia,MKD,..,..,..,..,..,..,..,..,..,..,..,..,..,..,..,..,..,..,..,..,..,..,..,..,..,..,..,..,..,..,..,..,..,..,..,..,..,23018887,..,43323149,81123806,129994717,117341815,122677707,130746438,122968825,82150897,186063939,234170143,..
High-technology exports (current US$),TX.VAL.TECH.CD,Northern Mariana Islands,MNP,..,..,..,..,..,..,..,..,..,..,..,..,..,..,..,..,..,..,..,..,..,..,..,..,..,..,..,..,..,..,..,..,..,..,..,..,..,..,..,..,..,..,..,..,..,..,..,..,..,..
High-technology exports (current US$),TX.VAL.TECH.CD,Norway,NOR,..,..,..,..,..,..,..,..,..,..,..,..,..,..,..,..,..,..,..,..,..,..,..,..,..,..,..,..,..,..,..,..,..,..,..,..,..,4479570005,5511497126,4890835994,4968407206,5394091752,5166856017,5383358032,5713622241,5121325457,4323546006,4272827826,4294542879,..
High-technology exports (current US$),TX.VAL.TECH.CD,Oman,OMN,..,..,..,..,..,..,..,..,..,..,..,..,..,..,..,..,..,..,..,..,..,..,..,..,..,..,..,..,..,..,..,..,..,..,..,..,..,..,..,..,..,..,167104202,159946807,230872191,222049079,143242031,48362448,..,..
High-technology exports (current US$),TX.VAL.TECH.CD,Pakistan,PAK,..,..,..,..,..,..,..,..,..,..,..,..,..,..,..,..,..,..,..,..,..,..,..,..,..,..,..,..,..,..,..,..,..,..,..,..,..,..,279153356,233457654,268284611,330173896,316873000,354220535,264492175,267621853,311291847,362376598,380368407,..
High-technology exports (current US$),TX.VAL.TECH.CD,Palau,PLW,..,..,..,..,..,..,..,..,..,..,..,..,..,..,..,..,..,..,..,..,..,..,..,..,..,..,..,..,..,..,..,..,..,..,..,..,..,..,..,..,..,..,..,..,1105649,2231245,3509603,1277066,401591,..
High-technology exports (current US$),TX.VAL.TECH.CD,Panama,PAN,..,..,..,..,..,..,..,..,..,..,..,..,..,..,..,..,..,..,..,..,..,..,..,..,..,..,..,..,..,..,..,..,..,..,..,..,..,..,1108997,900026,696667,4877488001,1969956852,2031204424,752236127,655095419,923062482,..,..,..
High-technology exports (current US$),TX.VAL.TECH.CD,Papua New Guinea,PNG,..,..,..,..,..,..,..,..,..,..,..,..,..,..,..,..,..,..,..,..,..,..,..,..,..,..,..,..,..,..,..,..,..,..,..,..,..,..,..,..,..,67790100,17574763,..,..,..,..,..,..,..
High-technology exports (current US$),TX.VAL.TECH.CD,Paraguay,PRY,..,..,..,..,..,..,..,..,..,..,..,..,..,..,..,..,..,..,..,..,..,..,..,..,..,..,..,..,..,..,..,..,..,..,..,..,..,25475195,39796552,40885859,41672311,59112923,56616781,66156749,62065736,50417841,60873339,62253535,102336648,..
High-technology exports (current US$),TX.VAL.TECH.CD,Peru,PER,..,..,..,..,..,..,..,..,..,..,..,..,..,..,..,..,..,..,..,..,..,..,..,..,..,..,..,..,..,..,..,..,..,..,..,..,..,..,121646969,121960054,267465444,322872161,202759364,203768303,206109067,224263734,187310528,212444388,210478636,..
High-technology exports (current US$),TX.VAL.TECH.CD,Philippines,PHL,..,..,..,..,..,..,..,..,..,..,..,..,..,..,..,..,..,..,..,..,..,..,..,..,..,..,..,..,..,..,..,..,..,..,..,..,..,..,..,..,..,..,..,..,..,..,..,33502479344,33903553364,..
High-technology exports (current US$),TX.VAL.TECH.CD,Poland,POL,..,..,..,..,..,..,..,..,..,..,..,..,..,..,..,..,..,..,..,..,..,..,..,..,..,..,..,..,..,..,..,..,..,..,..,..,..,4192741568,7161585686,7698093652,9588658776,9701793641,10847206586,13842329476,17075505272,16877959173,17382613883,19261853887,22236772391,..
High-technology exports (current US$),TX.VAL.TECH.CD,Portugal,PRT,..,..,..,..,..,..,..,..,..,..,..,..,..,..,..,..,..,..,..,..,..,..,..,..,..,..,..,..,..,..,..,..,..,..,..,..,..,3502609819,3575980157,1618308116,1498673592,1834211630,1919330026,2135760004,2315726875,2096407037,2457329643,2816236487,2978219490,..
High-technology exports (current US$),TX.VAL.TECH.CD,Puerto Rico,PRI,..,..,..,..,..,..,..,..,..,..,..,..,..,..,..,..,..,..,..,..,..,..,..,..,..,..,..,..,..,..,..,..,..,..,..,..,..,..,..,..,..,..,..,..,..,..,..,..,..,..
High-technology exports (current US$),TX.VAL.TECH.CD,Qatar,QAT,..,..,..,..,..,..,..,..,..,..,..,..,..,..,..,..,..,..,..,..,..,..,..,..,..,..,..,..,..,..,..,..,..,..,..,..,..,..,..,950861,..,112596,..,27939,33371,205330905,4815196,..,112715,..
High-technology exports (current US$),TX.VAL.TECH.CD,Romania,ROU,..,..,..,..,..,..,..,..,..,..,..,..,..,..,..,..,..,..,..,..,..,..,..,..,..,..,..,..,..,..,..,..,..,..,..,..,..,1417646339,2623560851,3329566907,4856823006,5673719563,3649893276,3679007733,4473329971,4437963902,5254485304,5558653635,6637140086,..
High-technology exports (current US$),TX.VAL.TECH.CD,Russian Federation,RUS,..,..,..,..,..,..,..,..,..,..,..,..,..,..,..,..,..,..,..,..,..,..,..,..,..,..,..,..,..,..,..,..,..,..,..,..,..,4365678062,5534576218,4796518942,5369759303,5810785524,7797725492,9309774146,10482099237,11542728872,7014125696,9929564939,10183007833,..
High-technology exports (current US$),TX.VAL.TECH.CD,Rwanda,RWA,..,..,..,..,..,..,..,..,..,..,..,..,..,..,..,..,..,..,..,..,..,..,..,..,..,..,..,..,..,..,..,..,..,..,..,..,..,..,..,14878279,1237772,3358247,1314109,2473978,6764036,7939246,4986874,..,..,..
High-technology exports (current US$),TX.VAL.TECH.CD,Samoa,WSM,..,..,..,..,..,..,..,..,..,..,..,..,..,..,..,..,..,..,..,..,..,..,..,..,..,..,..,..,..,..,..,..,..,..,..,..,..,..,..,183567,591471,365979,114963,210811,429821,146345,171154,74642,142117,..
High-technology exports (current US$),TX.VAL.TECH.CD,San Marino,SMR,..,..,..,..,..,..,..,..,..,..,..,..,..,..,..,..,..,..,..,..,..,..,..,..,..,..,..,..,..,..,..,..,..,..,..,..,..,..,..,..,..,..,..,..,..,..,..,..,..,..
High-technology exports (current US$),TX.VAL.TECH.CD,Sao Tome and Principe,STP,..,..,..,..,..,..,..,..,..,..,..,..,..,..,..,..,..,..,..,..,..,..,..,..,..,..,..,..,..,..,..,..,..,..,..,..,..,..,..,..,..,4359,101787,117701,4081,222420,739677,386566,1332855,..
High-technology exports (current US$),TX.VAL.TECH.CD,Saudi Arabia,SAU,..,..,..,..,..,..,..,..,..,..,..,..,..,..,..,..,..,..,..,..,..,..,..,..,..,..,..,..,..,..,..,..,..,..,..,..,..,136781442,180686093,209615941,202105320,213847736,258048056,289597693,254585411,276865678,1227707599,261725653,285414131,..
High-technology exports (current US$),TX.VAL.TECH.CD,Senegal,SEN,..,..,..,..,..,..,..,..,..,..,..,..,..,..,..,..,..,..,..,..,..,..,..,..,..,..,..,..,..,..,..,..,..,..,..,..,..,..,48941472,105118317,14627177,9068038,8550765,11616694,14516361,28135399,23026460,18809131,28155692,..
High-technology exports (current US$),TX.VAL.TECH.CD,Serbia,SRB,..,..,..,..,..,..,..,..,..,..,..,..,..,..,..,..,..,..,..,..,..,..,..,..,..,..,..,..,..,..,..,..,..,..,..,..,..,..,..,..,..,..,..,..,..,..,..,..,..,..
High-technology exports (current US$),TX.VAL.TECH.CD,Seychelles,SYC,..,..,..,..,..,..,..,..,..,..,..,..,..,..,..,..,..,..,..,..,..,..,..,..,..,..,..,..,..,..,..,..,..,..,..,..,..,..,..,..,..,..,..,1105728,666529,1389125,1057991,63117372,5611137,..
High-technology exports (current US$),TX.VAL.TECH.CD,Sierra Leone,SLE,..,..,..,..,..,..,..,..,..,..,..,..,..,..,..,..,..,..,..,..,..,..,..,..,..,..,..,..,..,..,..,..,..,..,..,..,..,..,..,..,..,..,..,..,2251,553,1151,1349,..,..
High-technology exports (current US$),TX.VAL.TECH.CD,Singapore,SGP,..,..,..,..,..,..,..,..,..,..,..,..,..,..,..,..,..,..,..,..,..,..,..,..,..,..,..,..,..,..,..,..,..,..,..,..,..,109439797761,123853063584,99762941900,131971304322,132291714560,136622285147,143758756182,145601846763,139341724308,135616252594,147178835744,155446548683,..
High-technology exports (current US$),TX.VAL.TECH.CD,Sint Maarten (Dutch part),SXM,..,..,..,..,..,..,..,..,..,..,..,..,..,..,..,..,..,..,..,..,..,..,..,..,..,..,..,..,..,..,..,..,..,..,..,..,..,..,..,..,..,..,..,..,..,..,..,..,..,..
High-technology exports (current US$),TX.VAL.TECH.CD,Slovak Republic,SVK,..,..,..,..,..,..,..,..,..,..,..,..,..,..,..,..,..,..,..,..,..,..,..,..,..,..,..,..,..,..,..,..,..,..,..,..,..,2684224202,3057611784,3066060303,3986133065,4917754636,6444725330,8095751991,8404611518,7461224278,7485086924,8847211837,8928946798,..
High-technology exports (current US$),TX.VAL.TECH.CD,Slovenia,SVN,..,..,..,..,..,..,..,..,..,..,..,..,..,..,..,..,..,..,..,..,..,..,..,..,..,..,..,..,..,..,..,..,..,..,..,..,..,1322105036,1647570246,1331655554,1260209893,1500641554,1492976482,1586935544,1622659448,1556407125,1673787135,1755384350,2089870427,..
High-technology exports (current US$),TX.VAL.TECH.CD,Solomon Islands,SLB,..,..,..,..,..,..,..,..,..,..,..,..,..,..,..,..,..,..,..,..,..,..,..,..,..,..,..,..,..,..,..,..,..,..,..,..,..,..,..,..,..,..,..,..,..,193415,525542,305201,171262,..
High-technology exports (current US$),TX.VAL.TECH.CD,Somalia,SOM,..,..,..,..,..,..,..,..,..,..,..,..,..,..,..,..,..,..,..,..,..,..,..,..,..,..,..,..,..,..,..,..,..,..,..,..,..,..,..,..,..,..,..,..,..,..,..,..,..,..
High-technology exports (current US$),TX.VAL.TECH.CD,South Africa,ZAF,..,..,..,..,..,..,..,..,..,..,..,..,..,..,..,..,..,..,..,..,..,..,..,..,..,..,..,..,..,..,..,..,..,..,..,..,..,1933241745,2088731883,1491786653,2396111473,2696075884,2848376245,2633031431,2829000147,2669358887,2248150985,2039077734,2238161725,..
High-technology exports (current US$),TX.VAL.TECH.CD,South Sudan,SSD,..,..,..,..,..,..,..,..,..,..,..,..,..,..,..,..,..,..,..,..,..,..,..,..,..,..,..,..,..,..,..,..,..,..,..,..,..,..,..,..,..,..,..,..,..,..,..,..,..,..
High-technology exports (current US$),TX.VAL.TECH.CD,Spain,ESP,..,..,..,..,..,..,..,..,..,..,..,..,..,..,..,..,..,..,..,..,..,..,..,..,..,..,..,..,..,..,..,..,..,..,..,..,..,10720478581,11742165892,10916694282,12044994955,14103345764,14087892034,17222929747,16348267049,15107967025,15160598549,17094347468,16982244849,..
High-technology exports (current US$),TX.VAL.TECH.CD,Sri Lanka,LKA,..,..,..,..,..,..,..,..,..,..,..,..,..,..,..,..,..,..,..,..,..,..,..,..,..,..,..,..,..,..,..,..,..,..,..,..,..,..,103072547,46943091,62430399,71718329,60090697,72434479,71161857,63227844,67493901,79026655,..,..
High-technology exports (current US$),TX.VAL.TECH.CD,St. Kitts and Nevis,KNA,..,..,..,..,..,..,..,..,..,..,..,..,..,..,..,..,..,..,..,..,..,..,..,..,..,..,..,..,..,..,..,..,..,..,..,..,..,..,..,11420,302278,36627,12585339,10761053,7944481,5354386,6931900,6842006,..,..
High-technology exports (current US$),TX.VAL.TECH.CD,St. Lucia,LCA,..,..,..,..,..,..,..,..,..,..,..,..,..,..,..,..,..,..,..,..,..,..,..,..,..,..,..,..,..,..,..,..,..,..,..,..,..,..,..,..,..,..,1513358,2882323,2100682,2083156,4560982,3921940,..,..
High-technology exports (current US$),TX.VAL.TECH.CD,St. Martin (French part),MAF,..,..,..,..,..,..,..,..,..,..,..,..,..,..,..,..,..,..,..,..,..,..,..,..,..,..,..,..,..,..,..,..,..,..,..,..,..,..,..,..,..,..,..,..,..,..,..,..,..,..
High-technology exports (current US$),TX.VAL.TECH.CD,St. Vincent and the Grenadines,VCT,..,..,..,..,..,..,..,..,..,..,..,..,..,..,..,..,..,..,..,..,..,..,..,..,..,..,..,..,..,..,..,..,..,..,..,..,..,..,..,44381,8505,1400,2654,72591,32360,..,185,69012,332,..
High-technology exports (current US$),TX.VAL.TECH.CD,Sudan,SDN,..,..,..,..,..,..,..,..,..,..,..,..,..,..,..,..,..,..,..,..,..,..,..,..,..,..,..,..,..,..,..,..,..,..,..,..,..,..,..,..,..,..,3414526,..,..,1014184,..,549176,..,..
High-technology exports (current US$),TX.VAL.TECH.CD,Suriname,SUR,..,..,..,..,..,..,..,..,..,..,..,..,..,..,..,..,..,..,..,..,..,..,..,..,..,..,..,..,..,..,..,..,..,..,..,..,..,..,..,..,5516346,5886909,11675458,5740641,10063402,2471126,2519617,1028529,1169002,..
High-technology exports (current US$),TX.VAL.TECH.CD,Sweden,SWE,..,..,..,..,..,..,..,..,..,..,..,..,..,..,..,..,..,..,..,..,..,..,..,..,..,..,..,..,..,..,..,..,..,..,..,..,..,22034880513,23863033813,18679723978,23223913842,25945757020,22234634078,21894467170,21452938137,19016796301,19144559630,17434042461,17415732230,..
High-technology exports (current US$),TX.VAL.TECH.CD,Switzerland,CHE,..,..,..,..,..,..,..,..,..,..,..,..,..,..,..,..,..,..,..,..,..,..,..,..,..,..,..,..,..,..,..,..,..,..,..,..,..,36292350478,43544739726,40522692827,43641097888,51174506279,51313676663,54387922156,57114920705,54267152351,55889147294,29844323632,30136242614,..
High-technology exports (current US$),TX.VAL.TECH.CD,Syrian Arab Republic,SYR,..,..,..,..,..,..,..,..,..,..,..,..,..,..,..,..,..,..,..,..,..,..,..,..,..,..,..,..,..,..,..,..,..,..,..,..,..,..,89352342,47288927,42302624,..,..,..,..,..,..,..,..,..
High-technology exports (current US$),TX.VAL.TECH.CD,Tajikistan,TJK,..,..,..,..,..,..,..,..,..,..,..,..,..,..,..,..,..,..,..,..,..,..,..,..,..,..,..,..,..,..,..,..,..,..,..,..,..,..,..,..,..,..,..,..,..,..,..,..,..,..
High-technology exports (current US$),TX.VAL.TECH.CD,Tanzania,TZA,..,..,..,..,..,..,..,..,..,..,..,..,..,..,..,..,..,..,..,..,..,..,..,..,..,..,..,..,..,..,..,..,..,..,..,..,..,..,16341411,18568819,27507643,44767416,105568119,54800135,28112715,9849468,17983736,16962666,186258425,..
High-technology exports (current US$),TX.VAL.TECH.CD,Thailand,THA,..,..,..,..,..,..,..,..,..,..,..,..,..,..,..,..,..,..,..,..,..,..,..,..,..,..,..,..,..,..,..,..,..,..,..,..,..,32485960815,33513927457,30091240025,37211031831,36167465191,37195246417,37090554338,38523244046,38293573278,38799497204,..,44795081987,..
High-technology exports (current US$),TX.VAL.TECH.CD,Timor-Leste,TLS,..,..,..,..,..,..,..,..,..,..,..,..,..,..,..,..,..,..,..,..,..,..,..,..,..,..,..,..,..,..,..,..,..,..,..,..,..,..,..,..,..,..,..,..,..,..,..,..,..,..
High-technology exports (current US$),TX.VAL.TECH.CD,Togo,TGO,..,..,..,..,..,..,..,..,..,..,..,..,..,..,..,..,..,..,..,..,..,..,..,..,..,..,..,..,..,..,..,..,..,..,..,..,..,..,98323,252517,164331,1326649,679956,1011059,530152,1245010,289984,557552,..,..
High-technology exports (current US$),TX.VAL.TECH.CD,Tonga,TON,..,..,..,..,..,..,..,..,..,..,..,..,..,..,..,..,..,..,..,..,..,..,..,..,..,..,..,..,..,..,..,..,..,..,..,..,..,..,..,8644,242,1264,152533,56676,28003,..,..,..,..,..
High-technology exports (current US$),TX.VAL.TECH.CD,Trinidad and Tobago,TTO,..,..,..,..,..,..,..,..,..,..,..,..,..,..,..,..,..,..,..,..,..,..,..,..,..,..,..,..,..,..,..,..,..,..,..,..,..,61152611,36207870,3466997,3115636,6491931,33519356,10410762,6663099,5675253,..,..,..,..
High-technology exports (current US$),TX.VAL.TECH.CD,Tunisia,TUN,..,..,..,..,..,..,..,..,..,..,..,..,..,..,..,..,..,..,..,..,..,..,..,..,..,..,..,..,..,..,..,..,..,..,..,..,..,..,775079197,746372378,999867622,1088158471,856102212,805692837,871477651,838438493,879283155,850853009,..,..
High-technology exports (current US$),TX.VAL.TECH.CD,Turkey,TUR,..,..,..,..,..,..,..,..,..,..,..,..,..,..,..,..,..,..,..,..,..,..,..,..,..,..,..,..,..,..,..,..,..,..,..,..,..,1885162261,1930191471,1583107140,1948819658,2206768903,2337357015,2651883539,2825810286,2773458779,2703152465,3500896134,3116828012,..
High-technology exports (current US$),TX.VAL.TECH.CD,Turkmenistan,TKM,..,..,..,..,..,..,..,..,..,..,..,..,..,..,..,..,..,..,..,..,..,..,..,..,..,..,..,..,..,..,..,..,..,..,..,..,..,..,..,..,..,..,..,..,..,..,..,..,..,..
High-technology exports (current US$),TX.VAL.TECH.CD,Turks and Caicos Islands,TCA,..,..,..,..,..,..,..,..,..,..,..,..,..,..,..,..,..,..,..,..,..,..,..,..,..,..,..,..,..,..,..,..,..,..,..,..,..,..,..,..,..,142047,208171,..,..,..,..,..,..,..
High-technology exports (current US$),TX.VAL.TECH.CD,Tuvalu,TUV,..,..,..,..,..,..,..,..,..,..,..,..,..,..,..,..,..,..,..,..,..,..,..,..,..,..,..,..,..,..,..,..,..,..,..,..,..,..,..,..,..,..,..,..,..,..,..,..,..,..
High-technology exports (current US$),TX.VAL.TECH.CD,Uganda,UGA,..,..,..,..,..,..,..,..,..,..,..,..,..,..,..,..,..,..,..,..,..,..,..,..,..,..,..,..,..,..,..,..,..,..,..,..,..,..,5462447,3637333,6763440,153379164,177393165,9211171,11574770,9670945,8440320,8123723,19912643,..
High-technology exports (current US$),TX.VAL.TECH.CD,Ukraine,UKR,..,..,..,..,..,..,..,..,..,..,..,..,..,..,..,..,..,..,..,..,..,..,..,..,..,..,..,..,..,..,..,..,..,..,..,..,..,..,..,..,..,2170226921,2877410336,2491983569,2222441328,1626367584,1245921696,1267145051,1247555874,..
High-technology exports (current US$),TX.VAL.TECH.CD,United Arab Emirates,ARE,..,..,..,..,..,..,..,..,..,..,..,..,..,..,..,..,..,..,..,..,..,..,..,..,..,..,..,..,..,..,..,..,..,..,..,..,..,..,214703082,..,..,..,493096465,490816909,1643741146,905209771,484009167,22656831323,3026596603,..
High-technology exports (current US$),TX.VAL.TECH.CD,United Kingdom,GBR,..,..,..,..,..,..,..,..,..,..,..,..,..,..,..,..,..,..,..,..,..,..,..,..,..,..,..,..,..,..,..,..,..,..,..,..,..,69643938581,68244894936,49442450948,67432951910,76724121952,74212593263,75593926804,76895178085,75619201291,75001628651,75032857204,76533157578,..
High-technology exports (current US$),TX.VAL.TECH.CD,United States,USA,..,..,..,..,..,..,..,..,..,..,..,..,..,..,..,..,..,..,..,..,..,..,..,..,..,..,..,..,..,..,..,..,..,..,..,..,..,244479591930,246884073465,154108484413,168939400532,169464157156,172387240523,172145368079,179263970137,178349526944,176668196714,156937052150,156365524736,..
High-technology exports (current US$),TX.VAL.TECH.CD,Uruguay,URY,..,..,..,..,..,..,..,..,..,..,..,..,..,..,..,..,..,..,..,..,..,..,..,..,..,..,..,..,..,..,..,..,..,..,..,..,..,49306191,82005246,81823095,116183372,136348949,198244856,194422906,178779704,273942982,153433875,129215276,120197863,..
High-technology exports (current US$),TX.VAL.TECH.CD,Uzbekistan,UZB,..,..,..,..,..,..,..,..,..,..,..,..,..,..,..,..,..,..,..,..,..,..,..,..,..,..,..,..,..,..,..,..,..,..,..,..,..,..,..,..,..,..,..,..,..,..,..,..,..,..
High-technology exports (current US$),TX.VAL.TECH.CD,Vanuatu,VUT,..,..,..,..,..,..,..,..,..,..,..,..,..,..,..,..,..,..,..,..,..,..,..,..,..,..,..,..,..,..,..,..,..,..,..,..,..,..,..,..,..,..,..,..,..,..,..,..,..,..
High-technology exports (current US$),TX.VAL.TECH.CD,"Venezuela, RB",VEN,..,..,..,..,..,..,..,..,..,..,..,..,..,..,..,..,..,..,..,..,..,..,..,..,..,..,..,..,..,..,..,..,..,..,..,..,..,..,..,..,..,..,..,..,..,..,..,..,..,..
High-technology exports (current US$),TX.VAL.TECH.CD,Vietnam,VNM,..,..,..,..,..,..,..,..,..,..,..,..,..,..,..,..,..,..,..,..,..,..,..,..,..,..,..,..,..,..,..,..,..,..,..,..,..,..,3013196849,3533737534,6068690971,11706749291,21344684276,32759458404,36377184989,47523875603,55215295475,74113940404,..,..
High-technology exports (current US$),TX.VAL.TECH.CD,Virgin Islands (U.S.),VIR,..,..,..,..,..,..,..,..,..,..,..,..,..,..,..,..,..,..,..,..,..,..,..,..,..,..,..,..,..,..,..,..,..,..,..,..,..,..,..,..,..,..,..,..,..,..,..,..,..,..
High-technology exports (current US$),TX.VAL.TECH.CD,West Bank and Gaza,PSE,..,..,..,..,..,..,..,..,..,..,..,..,..,..,..,..,..,..,..,..,..,..,..,..,..,..,..,..,..,..,..,..,..,..,..,..,..,167530,489469,358718,974637,696891,1128720,376541,1101491,5860647,4340427,..,..,..
High-technology exports (current US$),TX.VAL.TECH.CD,"Yemen, Rep.",YEM,..,..,..,..,..,..,..,..,..,..,..,..,..,..,..,..,..,..,..,..,..,..,..,..,..,..,..,..,..,..,..,..,..,..,..,..,..,..,..,382625,398245,678968,584721,2668283,1319726,5030503,..,..,..,..
High-technology exports (current US$),TX.VAL.TECH.CD,Zambia,ZMB,..,..,..,..,..,..,..,..,..,..,..,..,..,..,..,..,..,..,..,..,..,..,..,..,..,..,..,..,..,..,..,..,..,..,..,..,..,..,8818135,6063397,4707227,222079398,55171857,40405067,21256567,52894575,..,36265768,25805407,..
High-technology exports (current US$),TX.VAL.TECH.CD,Zimbabwe,ZWE,..,..,..,..,..,..,..,..,..,..,..,..,..,..,..,..,..,..,..,..,..,..,..,..,..,..,..,..,..,..,..,..,..,..,..,..,..,..,79992949,7655196,9602063,9751412,20371841,18612506,12207057,10768228,14012206,11206210,9719357,..
,,,,,,,,,,,,,,,,,,,,,,,,,,,,,,,,,,,,,,,,,,,,,,,,,,,,,
,,,,,,,,,,,,,,,,,,,,,,,,,,,,,,,,,,,,,,,,,,,,,,,,,,,,,
,,,,,,,,,,,,,,,,,,,,,,,,,,,,,,,,,,,,,,,,,,,,,,,,,,,,,
Data from database: World Development Indicators,,,,,,,,,,,,,,,,,,,,,,,,,,,,,,,,,,,,,,,,,,,,,,,,,,,,,
Last Updated: 10/28/2019,,,,,,,,,,,,,,,,,,,,,,,,,,,,,,,,,,,,,,,,,,,,,,,,,,,,,
